CREATE DATABASE  IF NOT EXISTS `pokemon_db` /*!40100 DEFAULT CHARACTER SET utf8mb4 COLLATE utf8mb4_unicode_ci */;
USE `pokemon_db`;
-- MySQL dump 10.13  Distrib 8.0.45, for Win64 (x86_64)
--
-- Host: localhost    Database: pokemon_db
-- ------------------------------------------------------
-- Server version	5.7.44-log

/*!40101 SET @OLD_CHARACTER_SET_CLIENT=@@CHARACTER_SET_CLIENT */;
/*!40101 SET @OLD_CHARACTER_SET_RESULTS=@@CHARACTER_SET_RESULTS */;
/*!40101 SET @OLD_COLLATION_CONNECTION=@@COLLATION_CONNECTION */;
/*!50503 SET NAMES utf8 */;
/*!40103 SET @OLD_TIME_ZONE=@@TIME_ZONE */;
/*!40103 SET TIME_ZONE='+00:00' */;
/*!40014 SET @OLD_UNIQUE_CHECKS=@@UNIQUE_CHECKS, UNIQUE_CHECKS=0 */;
/*!40014 SET @OLD_FOREIGN_KEY_CHECKS=@@FOREIGN_KEY_CHECKS, FOREIGN_KEY_CHECKS=0 */;
/*!40101 SET @OLD_SQL_MODE=@@SQL_MODE, SQL_MODE='NO_AUTO_VALUE_ON_ZERO' */;
/*!40111 SET @OLD_SQL_NOTES=@@SQL_NOTES, SQL_NOTES=0 */;

--
-- Table structure for table `estadisticas`
--

DROP TABLE IF EXISTS `estadisticas`;
/*!40101 SET @saved_cs_client     = @@character_set_client */;
/*!50503 SET character_set_client = utf8mb4 */;
CREATE TABLE `estadisticas` (
  `No_Pokedex` int(11) NOT NULL,
  `Puntos_de_salud` smallint(5) unsigned DEFAULT NULL,
  `ataque` smallint(5) unsigned DEFAULT NULL,
  `defensa` smallint(5) unsigned DEFAULT NULL,
  `ataque_especial` smallint(5) unsigned DEFAULT NULL,
  `defensa_especial` smallint(5) unsigned DEFAULT NULL,
  `velocidad` smallint(5) unsigned DEFAULT NULL,
  `total_base` smallint(5) unsigned DEFAULT NULL,
  PRIMARY KEY (`No_Pokedex`),
  CONSTRAINT `estadisticas_ibfk_1` FOREIGN KEY (`No_Pokedex`) REFERENCES `pokemon_base` (`No_Pokedex`) ON DELETE CASCADE
) ENGINE=InnoDB DEFAULT CHARSET=latin1;
/*!40101 SET character_set_client = @saved_cs_client */;

--
-- Dumping data for table `estadisticas`
--

LOCK TABLES `estadisticas` WRITE;
/*!40000 ALTER TABLE `estadisticas` DISABLE KEYS */;
INSERT INTO `estadisticas` VALUES (1,45,49,49,65,65,45,318),(2,60,62,63,80,80,60,405),(3,80,100,123,122,120,80,625),(4,39,52,43,60,50,65,309),(5,58,64,58,80,65,80,405),(6,78,104,78,159,115,100,634),(7,44,48,65,50,64,43,314),(8,59,63,80,65,80,58,405),(9,79,103,120,135,115,78,630),(10,45,30,35,20,20,45,195),(11,50,20,55,25,25,30,205),(12,60,45,50,90,80,70,395),(13,40,35,30,20,20,50,195),(14,45,25,50,25,25,35,205),(15,65,150,40,15,80,145,495),(16,40,45,40,35,35,56,251),(17,63,60,55,50,50,71,349),(18,83,80,80,135,80,121,579),(19,30,56,35,25,35,72,253),(20,75,71,70,40,80,77,413),(21,40,60,30,31,31,70,262),(22,65,90,65,61,61,100,442),(23,35,60,44,40,54,55,288),(24,60,95,69,65,79,80,448),(25,35,55,40,50,50,90,320),(26,60,85,50,95,85,110,485),(27,50,75,90,10,35,40,300),(28,75,100,120,25,65,65,450),(29,55,47,52,40,40,41,275),(30,70,62,67,55,55,56,365),(31,90,92,87,75,85,76,505),(32,46,57,40,40,40,50,273),(33,61,72,57,55,55,65,365),(34,81,102,77,85,75,85,505),(35,70,45,48,60,65,35,323),(36,95,70,73,95,90,60,483),(37,38,41,40,50,65,65,299),(38,73,67,75,81,100,109,505),(39,115,45,20,45,25,20,270),(40,140,70,45,85,50,45,435),(41,40,45,35,30,40,55,245),(42,75,80,70,65,75,90,455),(43,45,50,55,75,65,30,320),(44,60,65,70,85,75,40,395),(45,75,80,85,110,90,50,490),(46,35,70,55,45,55,25,285),(47,60,95,80,60,80,30,405),(48,60,55,50,40,55,45,305),(49,70,65,60,90,75,90,450),(50,10,55,30,35,45,90,265),(51,35,100,60,50,70,110,425),(52,40,35,35,50,40,90,290),(53,65,60,60,75,65,115,440),(54,50,52,48,65,50,55,320),(55,80,82,78,95,80,85,500),(56,40,80,35,35,45,70,305),(57,65,105,60,60,70,95,455),(58,55,70,45,70,50,60,350),(59,90,110,80,100,80,95,555),(60,40,50,40,40,40,90,300),(61,65,65,65,50,50,90,385),(62,90,95,95,70,90,70,510),(63,25,20,15,105,55,90,310),(64,40,35,30,120,70,105,400),(65,55,50,65,175,105,150,600),(66,70,80,50,35,35,35,305),(67,80,100,70,50,60,45,405),(68,90,130,80,65,85,55,505),(69,50,75,35,70,30,40,300),(70,65,90,50,85,45,55,390),(71,80,105,65,100,70,70,490),(72,40,40,35,50,100,70,335),(73,80,70,65,80,120,100,515),(74,40,80,100,30,30,20,300),(75,55,95,115,45,45,35,390),(76,80,120,130,55,65,45,495),(77,50,85,55,65,65,90,410),(78,65,100,70,80,80,105,500),(79,90,65,65,40,40,15,315),(80,95,75,180,130,80,30,590),(81,25,35,70,95,55,45,325),(82,50,60,95,120,70,70,465),(83,52,90,55,58,62,60,377),(84,35,85,45,35,35,75,310),(85,60,110,70,60,60,110,470),(86,65,45,55,45,70,45,325),(87,90,70,80,70,95,70,475),(88,80,80,50,40,50,25,325),(89,105,105,75,65,100,50,500),(90,30,65,100,45,25,40,305),(91,50,95,180,85,45,70,525),(92,30,35,30,100,35,80,310),(93,45,50,45,115,55,95,405),(94,60,65,80,170,95,130,600),(95,35,45,160,30,45,70,385),(96,60,48,45,43,90,42,328),(97,85,73,70,73,115,67,483),(98,30,105,90,25,25,50,325),(99,55,130,115,50,50,75,475),(100,40,30,50,55,55,100,330),(101,60,50,70,80,80,150,490),(102,60,40,80,60,45,40,325),(103,95,105,85,125,75,45,530),(104,50,50,95,40,50,35,320),(105,60,80,110,50,80,45,425),(106,50,120,53,35,110,87,455),(107,50,105,79,35,110,76,455),(108,90,55,75,60,75,30,385),(109,40,65,95,60,45,35,340),(110,65,90,120,85,70,60,490),(111,80,85,95,30,30,25,345),(112,105,130,120,45,45,40,485),(113,250,5,5,35,105,50,450),(114,65,55,115,100,40,60,435),(115,105,125,100,60,100,100,590),(116,30,40,70,70,25,60,295),(117,55,65,95,95,45,85,440),(118,45,67,60,35,50,63,320),(119,80,92,65,65,80,68,450),(120,30,45,55,70,55,85,340),(121,60,75,85,100,85,115,520),(122,40,45,65,100,120,90,460),(123,70,110,80,55,80,105,500),(124,65,50,35,115,95,95,455),(125,65,83,57,95,85,105,490),(126,65,95,57,100,85,93,495),(127,65,155,120,65,90,105,600),(128,75,100,95,40,70,110,490),(129,20,10,55,15,20,80,200),(130,95,155,109,70,130,81,640),(131,130,85,80,85,95,60,535),(132,48,48,48,48,48,48,288),(133,55,55,50,45,65,55,325),(134,130,65,60,110,95,65,525),(135,65,65,60,110,95,130,525),(136,65,130,60,95,110,65,525),(137,65,60,70,85,75,40,395),(138,35,40,100,90,55,35,355),(139,70,60,125,115,70,55,495),(140,30,80,90,55,45,55,355),(141,60,115,105,65,70,80,495),(142,80,135,85,70,95,150,615),(143,160,110,65,65,110,30,540),(144,90,85,100,95,125,85,580),(145,90,90,85,125,90,100,580),(146,90,100,90,125,85,90,580),(147,41,64,45,50,50,50,300),(148,61,84,65,70,70,70,420),(149,91,134,95,100,100,80,600),(150,106,150,70,194,120,140,780),(151,100,100,100,100,100,100,600),(152,45,49,65,49,65,45,318),(153,60,62,80,63,80,60,405),(154,80,82,100,83,100,80,525),(155,39,52,43,60,50,65,309),(156,58,64,58,80,65,80,405),(157,78,84,78,109,85,100,534),(158,50,65,64,44,48,43,314),(159,65,80,80,59,63,58,405),(160,85,105,100,79,83,78,530),(161,35,46,34,35,45,20,215),(162,85,76,64,45,55,90,415),(163,60,30,30,36,56,50,262),(164,100,50,50,86,96,70,452),(165,40,20,30,40,80,55,265),(166,55,35,50,55,110,85,390),(167,40,60,40,40,40,30,250),(168,70,90,70,60,70,40,400),(169,85,90,80,70,80,130,535),(170,75,38,38,56,56,67,330),(171,125,58,58,76,76,67,460),(172,20,40,15,35,35,60,205),(173,50,25,28,45,55,15,218),(174,90,30,15,40,20,15,210),(175,35,20,65,40,65,20,245),(176,55,40,85,80,105,40,405),(177,40,50,45,70,45,70,320),(178,65,75,70,95,70,95,470),(179,55,40,40,65,45,35,280),(180,70,55,55,80,60,45,365),(181,90,95,105,165,110,45,610),(182,75,80,95,90,100,50,490),(183,70,20,50,20,50,40,250),(184,100,50,80,60,80,50,420),(185,70,100,115,30,65,30,410),(186,90,75,75,90,100,70,500),(187,35,35,40,35,55,50,250),(188,55,45,50,45,65,80,340),(189,75,55,70,55,95,110,460),(190,55,70,55,40,55,85,360),(191,30,30,30,30,30,30,180),(192,75,75,55,105,85,30,425),(193,65,65,45,75,45,95,390),(194,55,45,45,25,25,15,210),(195,95,85,85,65,65,35,430),(196,65,65,60,130,95,110,525),(197,95,65,110,60,130,65,525),(198,60,85,42,85,42,91,405),(199,95,75,80,100,110,30,490),(200,60,60,60,85,85,85,435),(201,48,72,48,72,48,48,336),(202,190,33,58,33,58,33,405),(203,70,80,65,90,65,85,455),(204,50,65,90,35,35,15,290),(205,75,90,140,60,60,40,465),(206,100,70,70,65,65,45,415),(207,65,75,105,35,65,85,430),(208,75,125,230,55,95,30,610),(209,60,80,50,40,40,30,300),(210,90,120,75,60,60,45,450),(211,65,95,85,55,55,85,440),(212,70,150,140,65,100,75,600),(213,20,10,230,10,230,5,505),(214,80,185,115,40,105,75,600),(215,55,95,55,35,75,115,430),(216,60,80,50,50,50,40,330),(217,90,130,75,75,75,55,500),(218,40,40,40,70,40,20,250),(219,60,50,120,90,80,30,430),(220,50,50,40,30,30,50,250),(221,100,100,80,60,60,50,450),(222,65,55,95,65,95,35,410),(223,35,65,35,65,35,65,300),(224,75,105,75,105,75,45,480),(225,45,55,45,65,45,75,330),(226,85,40,70,80,140,70,485),(227,65,80,140,40,70,70,465),(228,45,60,30,80,50,65,330),(229,75,90,90,140,90,115,600),(230,75,95,95,95,95,85,540),(231,90,60,60,40,40,40,330),(232,90,120,120,60,60,50,500),(233,85,80,90,105,95,60,515),(234,73,95,62,85,65,85,465),(235,55,20,35,20,45,75,250),(236,35,35,35,35,35,35,210),(237,50,95,95,35,110,70,455),(238,45,30,15,85,65,65,305),(239,45,63,37,65,55,95,360),(240,45,75,37,70,55,83,365),(241,95,80,105,40,70,100,490),(242,255,10,10,75,135,55,540),(243,90,85,75,115,100,115,580),(244,115,115,85,90,75,100,580),(245,100,75,115,90,115,85,580),(246,50,64,50,45,50,41,300),(247,70,84,70,65,70,51,410),(248,100,164,150,95,120,71,700),(249,106,90,130,90,154,110,680),(250,106,130,90,110,154,90,680),(251,100,100,100,100,100,100,600),(252,40,45,35,65,55,70,310),(253,50,65,45,85,65,95,405),(254,70,110,75,145,85,145,630),(255,45,60,40,70,50,45,310),(256,60,85,60,85,60,55,405),(257,80,160,80,130,80,100,630),(258,50,70,50,50,50,40,310),(259,70,85,70,60,70,50,405),(260,100,150,110,95,110,70,635),(261,35,55,35,30,30,35,220),(262,70,90,70,60,60,70,420),(263,38,30,41,30,41,60,240),(264,78,70,61,50,61,100,420),(265,45,45,35,20,30,20,195),(266,50,35,55,25,25,15,205),(267,60,70,50,100,50,65,395),(268,50,35,55,25,25,15,205),(269,60,50,70,50,90,65,385),(270,40,30,30,40,50,30,220),(271,60,50,50,60,70,50,340),(272,80,70,70,90,100,70,480),(273,40,40,50,30,30,30,220),(274,70,70,40,60,40,60,340),(275,90,100,60,90,60,80,480),(276,40,55,30,30,30,85,270),(277,60,85,60,75,50,125,455),(278,40,30,30,55,30,85,270),(279,60,50,100,95,70,65,440),(280,28,25,25,45,35,40,198),(281,38,35,35,65,55,50,278),(282,68,85,65,165,135,100,618),(283,40,30,32,50,52,65,269),(284,70,60,62,100,82,80,454),(285,60,40,60,40,60,35,295),(286,60,130,80,60,60,70,460),(287,60,60,60,35,35,30,280),(288,80,80,80,55,55,90,440),(289,150,160,100,95,65,100,670),(290,31,45,90,30,30,40,266),(291,61,90,45,50,50,160,456),(292,1,90,45,30,30,40,236),(293,64,51,23,51,23,28,240),(294,84,71,43,71,43,48,360),(295,104,91,63,91,73,68,490),(296,72,60,30,20,30,25,237),(297,144,120,60,40,60,50,474),(298,50,20,40,20,40,20,190),(299,30,45,135,45,90,30,375),(300,50,45,45,35,35,50,260),(301,70,65,65,55,55,90,400),(302,50,85,125,85,115,20,480),(303,50,105,125,55,95,50,480),(304,50,70,100,40,40,30,330),(305,60,90,140,50,50,40,430),(306,70,140,230,60,80,50,630),(307,30,40,55,40,55,60,280),(308,60,100,85,80,85,100,510),(309,40,45,40,65,40,65,295),(310,70,75,80,135,80,135,575),(311,60,50,40,85,75,95,405),(312,60,40,50,75,85,95,405),(313,65,73,75,47,85,85,430),(314,65,47,75,73,85,85,430),(315,50,60,45,100,80,65,400),(316,70,43,53,43,53,40,302),(317,100,73,83,73,83,55,467),(318,45,90,20,65,20,65,305),(319,70,140,70,110,65,105,560),(320,130,70,35,70,35,60,400),(321,170,90,45,90,45,60,500),(322,60,60,40,65,45,35,305),(323,70,120,100,145,105,20,560),(324,70,85,140,85,70,20,470),(325,60,25,35,70,80,60,330),(326,80,45,65,90,110,80,470),(327,60,60,60,60,60,60,360),(328,45,100,45,45,45,10,290),(329,50,70,50,50,50,70,340),(330,80,100,80,80,80,100,520),(331,50,85,40,85,40,35,335),(332,70,115,60,115,60,55,475),(333,45,40,60,40,75,50,310),(334,75,110,110,110,105,80,590),(335,73,115,60,60,60,90,458),(336,73,100,60,100,60,65,458),(337,90,55,65,95,85,70,460),(338,90,95,85,55,65,70,460),(339,50,48,43,46,41,60,288),(340,110,78,73,76,71,60,468),(341,43,80,65,50,35,35,308),(342,63,120,85,90,55,55,468),(343,40,40,55,40,70,55,300),(344,60,70,105,70,120,75,500),(345,66,41,77,61,87,23,355),(346,86,81,97,81,107,43,495),(347,45,95,50,40,50,75,355),(348,75,125,100,70,80,45,495),(349,20,15,20,10,55,80,200),(350,95,60,79,100,125,81,540),(351,70,70,70,70,70,70,420),(352,60,90,70,60,120,40,440),(353,44,75,35,63,33,45,295),(354,64,165,75,93,83,75,555),(355,20,40,90,30,90,25,295),(356,40,70,130,60,130,25,455),(357,99,68,83,72,87,51,460),(358,75,50,80,95,90,65,455),(359,65,150,60,115,60,115,565),(360,95,23,48,23,48,23,260),(361,50,50,50,50,50,50,300),(362,80,120,80,120,80,100,580),(363,70,40,50,55,50,25,290),(364,90,60,70,75,70,45,410),(365,110,80,90,95,90,65,530),(366,35,64,85,74,55,32,345),(367,55,104,105,94,75,52,485),(368,55,84,105,114,75,52,485),(369,100,90,130,45,65,55,485),(370,43,30,55,40,65,97,330),(371,45,75,60,40,30,50,300),(372,65,95,100,60,50,50,420),(373,95,145,130,120,90,120,700),(374,40,55,80,35,60,30,300),(375,60,75,100,55,80,50,420),(376,80,145,150,105,110,110,700),(377,80,100,200,50,100,50,580),(378,80,50,100,100,200,50,580),(379,80,75,150,75,150,50,580),(380,80,100,120,140,150,110,700),(381,80,130,100,160,120,110,700),(382,100,150,90,180,160,90,770),(383,100,180,160,150,90,90,770),(384,105,180,100,180,100,115,780),(385,100,100,100,100,100,100,600),(386,50,95,90,95,90,180,600),(387,55,68,64,45,55,31,318),(388,75,89,85,55,65,36,405),(389,95,109,105,75,85,56,525),(390,44,58,44,58,44,61,309),(391,64,78,52,78,52,81,405),(392,76,104,71,104,71,108,534),(393,53,51,53,61,56,40,314),(394,64,66,68,81,76,50,405),(395,84,86,88,111,101,60,530),(396,40,55,30,30,30,60,245),(397,55,75,50,40,40,80,340),(398,85,120,70,50,60,100,485),(399,59,45,40,35,40,31,250),(400,79,85,60,55,60,71,410),(401,37,25,41,25,41,25,194),(402,77,85,51,55,51,65,384),(403,45,65,34,40,34,45,263),(404,60,85,49,60,49,60,363),(405,80,120,79,95,79,70,523),(406,40,30,35,50,70,55,280),(407,60,70,65,125,105,90,515),(408,67,125,40,30,30,58,350),(409,97,165,60,65,50,58,495),(410,30,42,118,42,88,30,350),(411,60,52,168,47,138,30,495),(412,40,29,45,29,45,36,224),(413,60,69,95,69,95,36,424),(414,70,94,50,94,50,66,424),(415,30,30,42,30,42,70,244),(416,70,80,102,80,102,40,474),(417,60,45,70,45,90,95,405),(418,55,65,35,60,30,85,330),(419,85,105,55,85,50,115,495),(420,45,35,45,62,53,35,275),(421,70,60,70,87,78,85,450),(422,76,48,48,57,62,34,325),(423,111,83,68,92,82,39,475),(424,75,100,66,60,66,115,482),(425,90,50,34,60,44,70,348),(426,150,80,44,90,54,80,498),(427,55,66,44,44,56,85,350),(428,65,136,94,54,96,135,580),(429,60,60,60,105,105,105,495),(430,100,125,52,105,52,71,505),(431,49,55,42,42,37,85,310),(432,71,82,64,64,59,112,452),(433,45,30,50,65,50,45,285),(434,63,63,47,41,41,74,329),(435,103,93,67,71,61,84,479),(436,57,24,86,24,86,23,300),(437,67,89,116,79,116,33,500),(438,50,80,95,10,45,10,290),(439,20,25,45,70,90,60,310),(440,100,5,5,15,65,30,220),(441,76,65,45,92,42,91,411),(442,50,92,108,92,108,35,485),(443,58,70,45,40,45,42,300),(444,68,90,65,50,55,82,410),(445,108,170,115,120,95,92,700),(446,135,85,40,40,85,5,390),(447,40,70,40,35,40,60,285),(448,70,145,88,140,70,112,625),(449,68,72,78,38,42,32,330),(450,108,112,118,68,72,47,525),(451,40,50,90,30,55,65,330),(452,70,90,110,60,75,95,500),(453,48,61,40,61,40,50,300),(454,83,106,65,86,65,85,490),(455,74,100,72,90,72,46,454),(456,49,49,56,49,61,66,330),(457,69,69,76,69,86,91,460),(458,45,20,50,60,120,50,345),(459,60,62,50,62,60,40,334),(460,90,132,105,132,105,30,594),(461,70,120,65,45,85,125,510),(462,70,70,115,130,90,60,535),(463,110,85,95,80,95,50,515),(464,115,140,130,55,55,40,535),(465,100,100,125,110,50,50,535),(466,75,123,67,95,85,95,540),(467,75,95,67,125,95,83,540),(468,85,50,95,120,115,80,545),(469,86,76,86,116,56,95,515),(470,65,110,130,60,65,95,525),(471,65,60,110,130,95,65,525),(472,75,95,125,45,75,95,510),(473,110,130,80,70,60,80,530),(474,85,80,70,135,75,90,535),(475,68,165,95,65,115,110,618),(476,60,55,145,75,150,40,525),(477,45,100,135,65,135,45,525),(478,70,80,70,80,70,110,480),(479,50,65,107,105,107,86,520),(480,75,75,130,75,130,95,580),(481,80,105,105,105,105,80,580),(482,75,125,70,125,70,115,580),(483,100,120,120,150,100,90,680),(484,90,120,100,150,120,100,680),(485,91,90,106,130,106,77,600),(486,110,160,110,80,110,100,670),(487,150,120,100,120,100,90,680),(488,120,70,120,75,130,85,600),(489,80,80,80,80,80,80,480),(490,100,100,100,100,100,100,600),(491,70,90,90,135,90,125,600),(492,100,103,75,120,75,127,600),(493,120,120,120,120,120,120,720),(494,100,100,100,100,100,100,600),(495,45,45,55,45,55,63,308),(496,60,60,75,60,75,83,413),(497,75,75,95,75,95,113,528),(498,65,63,45,45,45,45,308),(499,90,93,55,70,55,55,418),(500,110,123,65,100,65,65,528),(501,55,55,45,63,45,45,308),(502,75,75,60,83,60,60,413),(503,95,100,85,108,70,70,528),(504,45,55,39,35,39,42,255),(505,60,85,69,60,69,77,420),(506,45,60,45,25,45,55,275),(507,65,80,65,35,65,60,370),(508,85,110,90,45,90,80,500),(509,41,50,37,50,37,66,281),(510,64,88,50,88,50,106,446),(511,50,53,48,53,48,64,316),(512,75,98,63,98,63,101,498),(513,50,53,48,53,48,64,316),(514,75,98,63,98,63,101,498),(515,50,53,48,53,48,64,316),(516,75,98,63,98,63,101,498),(517,76,25,45,67,55,24,292),(518,116,55,85,107,95,29,487),(519,50,55,50,36,30,43,264),(520,62,77,62,50,42,65,358),(521,80,115,80,65,55,93,488),(522,45,60,32,50,32,76,295),(523,75,100,63,80,63,116,497),(524,55,75,85,25,25,15,280),(525,70,105,105,50,40,20,390),(526,85,135,130,60,80,25,515),(527,65,45,43,55,43,72,323),(528,67,57,55,77,55,114,425),(529,60,85,40,30,45,68,328),(530,110,135,60,50,65,88,508),(531,103,60,126,80,126,50,545),(532,75,80,55,25,35,35,305),(533,85,105,85,40,50,40,405),(534,105,140,95,55,65,45,505),(535,50,50,40,50,40,64,294),(536,75,65,55,65,55,69,384),(537,105,95,75,85,75,74,509),(538,120,100,85,30,85,45,465),(539,75,125,75,30,75,85,465),(540,45,53,70,40,60,42,310),(541,55,63,90,50,80,42,380),(542,75,103,80,70,80,92,500),(543,30,45,59,30,39,57,260),(544,40,55,99,40,79,47,360),(545,60,100,89,55,69,112,485),(546,40,27,60,37,50,66,280),(547,60,67,85,77,75,116,480),(548,45,35,50,70,50,30,280),(549,70,60,75,110,75,90,480),(550,70,92,65,80,55,98,460),(551,50,72,35,35,35,65,292),(552,60,82,45,45,45,74,351),(553,95,117,80,65,70,92,519),(554,70,90,45,15,45,50,315),(555,105,30,105,140,105,55,540),(556,75,86,67,106,67,60,461),(557,50,65,85,35,35,55,325),(558,70,105,125,65,75,45,485),(559,50,75,70,35,70,48,348),(560,65,90,115,45,115,58,488),(561,72,58,80,103,80,97,490),(562,38,30,85,55,65,30,303),(563,58,50,145,95,105,30,483),(564,54,78,103,53,45,22,355),(565,74,108,133,83,65,32,495),(566,55,112,45,74,45,70,401),(567,75,140,65,112,65,110,567),(568,50,50,62,40,62,65,329),(569,80,95,82,60,82,75,474),(570,40,65,40,80,40,65,330),(571,60,105,60,120,60,105,510),(572,55,50,40,40,40,75,300),(573,75,95,60,65,60,115,470),(574,45,30,50,55,65,45,290),(575,60,45,70,75,85,55,390),(576,70,55,95,95,110,65,490),(577,45,30,40,105,50,20,290),(578,65,40,50,125,60,30,370),(579,110,65,75,125,85,30,490),(580,62,44,50,44,50,55,305),(581,75,87,63,87,63,98,473),(582,36,50,50,65,60,44,305),(583,51,65,65,80,75,59,395),(584,71,95,85,110,95,79,535),(585,60,60,50,40,50,75,335),(586,80,100,70,60,70,95,475),(587,55,75,60,75,60,103,428),(588,50,75,45,40,45,60,315),(589,70,135,105,60,105,20,495),(590,69,55,45,55,55,15,294),(591,114,85,70,85,80,30,464),(592,55,40,50,65,85,40,335),(593,100,60,70,85,105,60,480),(594,165,75,80,40,45,65,470),(595,50,47,50,57,50,65,319),(596,70,77,60,97,60,108,472),(597,44,50,91,24,86,10,305),(598,74,94,131,54,116,20,489),(599,40,55,70,45,60,30,300),(600,60,80,95,70,85,50,440),(601,60,100,115,70,85,90,520),(602,35,55,40,45,40,60,275),(603,65,85,70,75,70,40,405),(604,85,115,80,105,80,50,515),(605,55,55,55,85,55,30,335),(606,75,75,75,125,95,40,485),(607,50,30,55,65,55,20,275),(608,60,40,60,95,60,55,370),(609,60,55,90,145,90,80,520),(610,46,87,60,30,40,57,320),(611,66,117,70,40,50,67,410),(612,76,147,90,60,70,97,540),(613,55,70,40,60,40,40,305),(614,95,130,80,70,80,50,505),(615,80,50,50,95,135,105,515),(616,50,40,85,40,65,25,305),(617,80,70,40,100,60,145,495),(618,109,66,84,81,99,32,471),(619,45,85,50,55,50,65,350),(620,65,125,60,95,60,105,510),(621,77,120,90,60,90,48,485),(622,59,74,50,35,50,35,303),(623,89,124,80,55,80,55,483),(624,45,85,70,40,40,60,340),(625,65,125,100,60,70,70,490),(626,95,110,95,40,95,55,490),(627,70,83,50,37,50,60,350),(628,100,123,75,57,75,80,510),(629,70,55,75,45,65,60,370),(630,110,65,105,55,95,80,510),(631,85,97,66,105,66,65,484),(632,58,109,112,48,48,109,484),(633,52,65,50,45,50,38,300),(634,72,85,70,65,70,58,420),(635,92,105,90,125,90,98,600),(636,55,85,55,50,55,60,360),(637,85,60,65,135,105,100,550),(638,91,90,129,90,72,108,580),(639,91,129,90,72,90,108,580),(640,91,90,72,90,129,108,580),(641,79,100,80,110,90,121,580),(642,79,105,70,145,80,101,580),(643,100,120,100,150,120,90,680),(644,100,150,120,120,100,90,680),(645,89,145,90,105,80,91,600),(646,125,120,90,170,100,95,700),(647,91,72,90,129,90,108,580),(648,100,128,90,77,77,128,600),(649,71,120,95,120,95,99,600),(650,56,61,65,48,45,38,313),(651,61,78,95,56,58,57,405),(652,88,107,122,74,75,64,530),(653,40,45,40,62,60,60,307),(654,59,59,58,90,70,73,409),(655,75,69,72,114,100,104,534),(656,41,56,40,62,44,71,314),(657,54,63,52,83,56,97,405),(658,72,145,67,153,71,132,640),(659,38,36,38,32,36,57,237),(660,85,56,77,50,77,78,423),(661,45,50,43,40,38,62,278),(662,62,73,55,56,52,84,382),(663,78,81,71,74,69,126,499),(664,38,35,40,27,25,35,200),(665,45,22,60,27,30,29,213),(666,80,52,50,90,50,89,411),(667,62,50,58,73,54,72,369),(668,86,68,72,109,66,106,507),(669,44,38,39,61,79,42,303),(670,74,65,67,125,128,92,551),(671,78,65,68,112,154,75,552),(672,66,65,48,62,57,52,350),(673,123,100,62,97,81,68,531),(674,67,82,62,46,48,43,348),(675,95,124,78,69,71,58,495),(676,75,80,60,65,90,102,472),(677,62,48,54,63,60,68,355),(678,74,48,76,83,81,104,466),(679,45,80,100,35,37,28,325),(680,59,110,150,45,49,35,448),(681,60,150,50,150,50,60,520),(682,78,52,60,63,65,23,341),(683,101,72,72,99,89,29,462),(684,62,48,66,59,57,49,341),(685,82,80,86,85,75,72,480),(686,53,54,53,37,46,45,288),(687,86,92,88,68,75,73,482),(688,42,52,67,39,56,50,306),(689,72,105,115,54,86,68,500),(690,50,60,60,60,60,30,320),(691,65,75,90,97,123,44,494),(692,50,53,62,58,63,44,330),(693,71,73,88,120,89,59,500),(694,44,38,33,61,43,70,289),(695,62,55,52,109,94,109,481),(696,58,89,77,45,45,48,362),(697,82,121,119,69,59,71,521),(698,77,59,50,67,63,46,362),(699,123,77,72,99,92,58,521),(700,95,65,65,110,130,60,525),(701,78,92,75,74,63,118,500),(702,67,58,57,81,67,101,431),(703,50,50,150,50,150,50,500),(704,45,50,35,55,75,40,300),(705,68,75,53,83,113,60,452),(706,90,100,70,110,150,80,600),(707,57,80,91,80,87,75,470),(708,43,70,48,50,60,38,309),(709,85,110,76,65,82,56,474),(710,59,66,70,44,55,41,335),(711,85,100,122,58,75,54,494),(712,55,69,85,32,35,28,304),(713,95,117,184,44,46,28,514),(714,40,30,35,45,40,55,245),(715,85,70,80,97,80,123,535),(716,126,131,95,131,98,99,680),(717,126,131,95,131,98,99,680),(718,216,100,121,91,95,85,708),(719,50,160,110,160,110,110,700),(720,80,160,60,170,130,80,680),(721,80,110,120,130,90,70,600),(722,68,55,55,50,50,42,320),(723,78,75,75,70,70,52,420),(724,78,107,75,100,100,70,530),(725,45,65,40,60,40,70,320),(726,65,85,50,80,50,90,420),(727,95,115,90,80,90,60,530),(728,50,54,54,66,56,40,320),(729,60,69,69,91,81,50,420),(730,80,74,74,126,116,60,530),(731,35,75,30,30,30,65,265),(732,55,85,50,40,50,75,355),(733,80,120,75,75,75,60,485),(734,48,70,30,30,30,45,253),(735,88,110,60,55,60,45,418),(736,47,62,45,55,45,46,300),(737,57,82,95,55,75,36,400),(738,77,70,90,145,75,43,500),(739,47,82,57,42,47,63,338),(740,97,132,77,62,67,43,478),(741,75,70,70,98,70,93,476),(742,40,45,40,55,40,84,304),(743,60,55,60,95,70,124,464),(744,45,65,40,30,40,60,280),(745,85,115,75,55,75,82,487),(746,45,140,130,140,135,30,620),(747,50,53,62,43,52,45,305),(748,50,63,152,53,142,35,495),(749,70,100,70,45,55,45,385),(750,100,125,100,55,85,35,500),(751,38,40,52,40,72,27,269),(752,68,70,92,50,132,42,454),(753,40,55,35,50,35,35,250),(754,70,105,90,80,90,45,480),(755,40,35,55,65,75,15,285),(756,60,45,80,90,100,30,405),(757,48,44,40,71,40,77,320),(758,68,64,60,111,60,117,480),(759,70,75,50,45,50,50,340),(760,120,125,80,55,60,60,500),(761,42,30,38,30,38,32,210),(762,52,40,48,40,48,62,290),(763,72,120,98,50,98,72,510),(764,51,52,90,82,110,100,485),(765,90,60,80,90,110,60,490),(766,100,120,90,40,60,80,490),(767,25,35,40,20,30,80,230),(768,75,125,140,60,90,40,530),(769,55,55,80,70,45,15,320),(770,85,75,110,100,75,35,480),(771,55,60,130,30,130,5,410),(772,95,95,95,95,95,59,534),(773,95,95,95,95,95,95,570),(774,60,100,60,100,60,120,500),(775,65,115,65,75,95,65,480),(776,60,78,135,91,85,36,485),(777,65,98,63,40,73,96,435),(778,55,90,80,50,105,96,476),(779,68,105,70,70,70,92,475),(780,78,60,85,135,91,36,485),(781,70,131,100,86,90,40,517),(782,45,55,65,45,45,45,300),(783,55,75,90,65,70,65,420),(784,75,110,125,100,105,85,600),(785,70,115,85,95,75,130,570),(786,70,85,75,130,115,95,570),(787,70,130,115,85,95,75,570),(788,70,75,115,95,130,85,570),(789,43,29,31,29,31,37,200),(790,43,29,131,29,131,37,400),(791,137,137,107,113,89,97,680),(792,137,113,89,137,107,97,680),(793,109,53,47,127,131,103,570),(794,107,139,139,53,53,79,570),(795,71,137,37,137,37,151,570),(796,83,89,71,173,71,83,570),(797,97,101,103,107,101,61,570),(798,59,181,131,59,31,109,570),(799,223,101,53,97,53,43,570),(800,97,107,101,127,89,79,600),(801,80,95,115,130,115,65,600);
/*!40000 ALTER TABLE `estadisticas` ENABLE KEYS */;
UNLOCK TABLES;

--
-- Table structure for table `habilidades`
--

DROP TABLE IF EXISTS `habilidades`;
/*!40101 SET @saved_cs_client     = @@character_set_client */;
/*!50503 SET character_set_client = utf8mb4 */;
CREATE TABLE `habilidades` (
  `id_habilidad` int(11) NOT NULL,
  `nombre_habilidad` varchar(50) NOT NULL,
  PRIMARY KEY (`id_habilidad`)
) ENGINE=InnoDB DEFAULT CHARSET=latin1;
/*!40101 SET character_set_client = @saved_cs_client */;

--
-- Dumping data for table `habilidades`
--

LOCK TABLES `habilidades` WRITE;
/*!40000 ALTER TABLE `habilidades` DISABLE KEYS */;
INSERT INTO `habilidades` VALUES (1,'Adaptability'),(2,'Aftermath'),(3,'Analytic'),(4,'Anger point'),(5,'Anticipation'),(6,'Arena trap'),(7,'Aroma veil'),(8,'Battle armor'),(9,'Battle bond'),(10,'Big pecks'),(11,'Blaze'),(12,'Bulletproof'),(13,'Cheek pouch'),(14,'Chlorophyll'),(15,'Clear body'),(16,'Cloud nine'),(17,'Competitive'),(18,'Compoundeyes'),(19,'Contrary'),(20,'Cursed body'),(21,'Cute charm'),(22,'Damp'),(23,'Defiant'),(24,'Download'),(25,'Drizzle'),(26,'Drought'),(27,'Dry skin'),(28,'Early bird'),(29,'Effect spore'),(30,'Filter'),(31,'Flame body'),(32,'Flare boost'),(33,'Flash fire'),(34,'Forewarn'),(35,'Friend guard'),(36,'Frisk'),(37,'Fur coat'),(38,'Gale wings'),(39,'Galvanize'),(40,'Gluttony'),(41,'Gooey'),(42,'Grass pelt'),(43,'Guts'),(44,'Harvest'),(45,'Healer'),(46,'Heatproof'),(47,'Heavy metal'),(48,'Honey gather'),(49,'Huge power'),(50,'Hustle'),(51,'Hydration'),(52,'Ice body'),(53,'Illuminate'),(54,'Immunity'),(55,'Imposter'),(56,'Infiltrator'),(57,'Inner focus'),(58,'Insomnia'),(59,'Intimidate'),(60,'Iron fist'),(61,'Justified'),(62,'Keen eye'),(63,'Klutz'),(64,'Leaf guard'),(65,'Levitate'),(66,'Light metal'),(67,'Lightningrod'),(68,'Limber'),(69,'Liquid ooze'),(70,'Liquid voice'),(71,'Long reach'),(72,'Magic bounce'),(73,'Magic guard'),(74,'Magician'),(75,'Magnet pull'),(76,'Marvel scale'),(77,'Minus'),(78,'Mold breaker'),(79,'Moody'),(80,'Motor drive'),(81,'Moxie'),(82,'Multiscale'),(83,'Natural cure'),(84,'No guard'),(85,'Normalize'),(86,'Oblivious'),(87,'Overcoat'),(88,'Overgrow'),(89,'Own tempo'),(90,'Pickpocket'),(91,'Pickup'),(92,'Pixilate'),(93,'Plus'),(94,'Poison heal'),(95,'Poison point'),(96,'Poison touch'),(97,'Power construct'),(98,'Power of alchemy'),(99,'Prankster'),(100,'Pressure'),(101,'Protean'),(102,'Queenly majesty'),(103,'Quick feet'),(104,'Rain dish'),(105,'Rattled'),(106,'Reckless'),(107,'Regenerator'),(108,'Rivalry'),(109,'Rock head'),(110,'Rough skin'),(111,'Run away'),(112,'Sand force'),(113,'Sand rush'),(114,'Sand stream'),(115,'Sand veil'),(116,'Sap sipper'),(117,'Scrappy'),(118,'Serene grace'),(119,'Shadow tag'),(120,'Shed skin'),(121,'Sheer force'),(122,'Shell armor'),(123,'Shield dust'),(124,'Simple'),(125,'Skill link'),(126,'Slush rush'),(127,'Sniper'),(128,'Snow cloak'),(129,'Snow warning'),(130,'Solar power'),(131,'Solid rock'),(132,'Soundproof'),(133,'Speed boost'),(134,'Stall'),(135,'Stamina'),(136,'Static'),(137,'Steadfast'),(138,'Stench'),(139,'Sticky hold'),(140,'Storm drain'),(141,'Strong jaw'),(142,'Sturdy'),(143,'Suction cups'),(144,'Super luck'),(145,'Surge surfer'),(146,'Swarm'),(147,'Sweet veil'),(148,'Swift swim'),(149,'Symbiosis'),(150,'Synchronize'),(151,'Tangled feet'),(152,'Tangling hair'),(153,'Technician'),(154,'Telepathy'),(155,'Teravolt'),(156,'Thick fat'),(157,'Tinted lens'),(158,'Torrent'),(159,'Toxic boost'),(160,'Trace'),(161,'Triage'),(162,'Truant'),(163,'Turboblaze'),(164,'Unaware'),(165,'Unburden'),(166,'Unnerve'),(167,'Vital spirit'),(168,'Volt absorb'),(169,'Water absorb'),(170,'Water veil'),(171,'Weak armor'),(172,'White smoke'),(173,'Wonder skin'),(174,'Zen mode'),(175,'Air lock'),(176,'Aura break'),(177,'Bad dreams'),(178,'Battery'),(179,'Beast boost'),(180,'Berserk'),(181,'Color change'),(182,'Comatose'),(183,'Corrosion'),(184,'Dancer'),(185,'Dark aura'),(186,'Dazzling'),(187,'Defeatist'),(188,'Disguise'),(189,'Electric surge'),(190,'Emergency exit'),(191,'Fairy aura'),(192,'Flower gift'),(193,'Flower veil'),(194,'Fluffy'),(195,'Forecast'),(196,'Full metal body'),(197,'Grassy surge'),(198,'Hyper cutter'),(199,'Illusion'),(200,'Innards out'),(201,'Iron barbs'),(202,'Magma armor'),(203,'Mega launcher'),(204,'Merciless'),(205,'Misty surge'),(206,'Multitype'),(207,'Mummy'),(208,'Prism armor'),(209,'Psychic surge'),(210,'Pure power'),(211,'Rks system'),(212,'Receiver'),(213,'Refrigerate'),(214,'Schooling'),(215,'Shadow shield'),(216,'Shields down'),(217,'Slow start'),(218,'Soul-heart'),(219,'Stakeout'),(220,'Stance change'),(221,'Steelworker'),(222,'Tough claws'),(223,'Victory star'),(224,'Water bubble'),(225,'Water compaction'),(226,'Wimp out'),(227,'Wonder guard');
/*!40000 ALTER TABLE `habilidades` ENABLE KEYS */;
UNLOCK TABLES;

--
-- Table structure for table `pokemon_base`
--

DROP TABLE IF EXISTS `pokemon_base`;
/*!40101 SET @saved_cs_client     = @@character_set_client */;
/*!50503 SET character_set_client = utf8mb4 */;
CREATE TABLE `pokemon_base` (
  `No_Pokedex` int(11) NOT NULL,
  `nombre` varchar(50) COLLATE utf8mb4_unicode_ci NOT NULL,
  `Probabilidad_de_captura` tinyint(3) unsigned DEFAULT NULL,
  PRIMARY KEY (`No_Pokedex`)
) ENGINE=InnoDB DEFAULT CHARSET=utf8mb4 COLLATE=utf8mb4_unicode_ci;
/*!40101 SET character_set_client = @saved_cs_client */;

--
-- Dumping data for table `pokemon_base`
--

LOCK TABLES `pokemon_base` WRITE;
/*!40000 ALTER TABLE `pokemon_base` DISABLE KEYS */;
INSERT INTO `pokemon_base` VALUES (1,'Bulbasaur',45),(2,'Ivysaur',45),(3,'Venusaur',45),(4,'Charmander',45),(5,'Charmeleon',45),(6,'Charizard',45),(7,'Squirtle',45),(8,'Wartortle',45),(9,'Blastoise',45),(10,'Caterpie',255),(11,'Metapod',120),(12,'Butterfree',45),(13,'Weedle',255),(14,'Kakuna',120),(15,'Beedrill',45),(16,'Pidgey',255),(17,'Pidgeotto',120),(18,'Pidgeot',45),(19,'Rattata',255),(20,'Raticate',127),(21,'Spearow',255),(22,'Fearow',90),(23,'Ekans',255),(24,'Arbok',90),(25,'Pikachu',190),(26,'Raichu',75),(27,'Sandshrew',255),(28,'Sandslash',90),(29,'Nidoran♀',235),(30,'Nidorina',120),(31,'Nidoqueen',45),(32,'Nidoran♂',235),(33,'Nidorino',120),(34,'Nidoking',45),(35,'Clefairy',150),(36,'Clefable',25),(37,'Vulpix',190),(38,'Ninetales',75),(39,'Jigglypuff',170),(40,'Wigglytuff',50),(41,'Zubat',255),(42,'Golbat',90),(43,'Oddish',255),(44,'Gloom',120),(45,'Vileplume',45),(46,'Paras',190),(47,'Parasect',75),(48,'Venonat',190),(49,'Venomoth',75),(50,'Diglett',255),(51,'Dugtrio',50),(52,'Meowth',255),(53,'Persian',90),(54,'Psyduck',190),(55,'Golduck',75),(56,'Mankey',190),(57,'Primeape',75),(58,'Growlithe',190),(59,'Arcanine',75),(60,'Poliwag',255),(61,'Poliwhirl',120),(62,'Poliwrath',45),(63,'Abra',200),(64,'Kadabra',100),(65,'Alakazam',50),(66,'Machop',180),(67,'Machoke',90),(68,'Machamp',45),(69,'Bellsprout',255),(70,'Weepinbell',120),(71,'Victreebel',45),(72,'Tentacool',190),(73,'Tentacruel',60),(74,'Geodude',255),(75,'Graveler',120),(76,'Golem',45),(77,'Ponyta',190),(78,'Rapidash',60),(79,'Slowpoke',190),(80,'Slowbro',75),(81,'Magnemite',190),(82,'Magneton',60),(83,'Farfetch\'d',45),(84,'Doduo',190),(85,'Dodrio',45),(86,'Seel',190),(87,'Dewgong',75),(88,'Grimer',190),(89,'Muk',75),(90,'Shellder',190),(91,'Cloyster',60),(92,'Gastly',190),(93,'Haunter',90),(94,'Gengar',45),(95,'Onix',45),(96,'Drowzee',190),(97,'Hypno',75),(98,'Krabby',225),(99,'Kingler',60),(100,'Voltorb',190),(101,'Electrode',60),(102,'Exeggcute',90),(103,'Exeggutor',45),(104,'Cubone',190),(105,'Marowak',75),(106,'Hitmonlee',45),(107,'Hitmonchan',45),(108,'Lickitung',45),(109,'Koffing',190),(110,'Weezing',60),(111,'Rhyhorn',120),(112,'Rhydon',60),(113,'Chansey',30),(114,'Tangela',45),(115,'Kangaskhan',45),(116,'Horsea',225),(117,'Seadra',75),(118,'Goldeen',225),(119,'Seaking',60),(120,'Staryu',225),(121,'Starmie',60),(122,'Mr. Mime',45),(123,'Scyther',45),(124,'Jynx',45),(125,'Electabuzz',45),(126,'Magmar',45),(127,'Pinsir',45),(128,'Tauros',45),(129,'Magikarp',255),(130,'Gyarados',45),(131,'Lapras',45),(132,'Ditto',35),(133,'Eevee',45),(134,'Vaporeon',45),(135,'Jolteon',45),(136,'Flareon',45),(137,'Porygon',45),(138,'Omanyte',45),(139,'Omastar',45),(140,'Kabuto',45),(141,'Kabutops',45),(142,'Aerodactyl',45),(143,'Snorlax',25),(144,'Articuno',3),(145,'Zapdos',3),(146,'Moltres',3),(147,'Dratini',45),(148,'Dragonair',45),(149,'Dragonite',45),(150,'Mewtwo',3),(151,'Mew',45),(152,'Chikorita',45),(153,'Bayleef',45),(154,'Meganium',45),(155,'Cyndaquil',45),(156,'Quilava',45),(157,'Typhlosion',45),(158,'Totodile',45),(159,'Croconaw',45),(160,'Feraligatr',45),(161,'Sentret',255),(162,'Furret',90),(163,'Hoothoot',255),(164,'Noctowl',90),(165,'Ledyba',255),(166,'Ledian',90),(167,'Spinarak',255),(168,'Ariados',90),(169,'Crobat',90),(170,'Chinchou',190),(171,'Lanturn',75),(172,'Pichu',190),(173,'Cleffa',150),(174,'Igglybuff',170),(175,'Togepi',190),(176,'Togetic',75),(177,'Natu',190),(178,'Xatu',75),(179,'Mareep',235),(180,'Flaaffy',120),(181,'Ampharos',45),(182,'Bellossom',45),(183,'Marill',190),(184,'Azumarill',75),(185,'Sudowoodo',65),(186,'Politoed',45),(187,'Hoppip',255),(188,'Skiploom',120),(189,'Jumpluff',45),(190,'Aipom',45),(191,'Sunkern',235),(192,'Sunflora',120),(193,'Yanma',75),(194,'Wooper',255),(195,'Quagsire',90),(196,'Espeon',45),(197,'Umbreon',45),(198,'Murkrow',30),(199,'Slowking',70),(200,'Misdreavus',45),(201,'Unown',225),(202,'Wobbuffet',45),(203,'Girafarig',60),(204,'Pineco',190),(205,'Forretress',75),(206,'Dunsparce',190),(207,'Gligar',60),(208,'Steelix',25),(209,'Snubbull',190),(210,'Granbull',75),(211,'Qwilfish',45),(212,'Scizor',25),(213,'Shuckle',190),(214,'Heracross',45),(215,'Sneasel',60),(216,'Teddiursa',120),(217,'Ursaring',60),(218,'Slugma',190),(219,'Magcargo',75),(220,'Swinub',225),(221,'Piloswine',75),(222,'Corsola',60),(223,'Remoraid',190),(224,'Octillery',75),(225,'Delibird',45),(226,'Mantine',25),(227,'Skarmory',25),(228,'Houndour',120),(229,'Houndoom',45),(230,'Kingdra',45),(231,'Phanpy',120),(232,'Donphan',60),(233,'Porygon2',45),(234,'Stantler',45),(235,'Smeargle',45),(236,'Tyrogue',75),(237,'Hitmontop',45),(238,'Smoochum',45),(239,'Elekid',45),(240,'Magby',45),(241,'Miltank',45),(242,'Blissey',30),(243,'Raikou',3),(244,'Entei',3),(245,'Suicune',3),(246,'Larvitar',45),(247,'Pupitar',45),(248,'Tyranitar',45),(249,'Lugia',3),(250,'Ho-Oh',3),(251,'Celebi',45),(252,'Treecko',45),(253,'Grovyle',45),(254,'Sceptile',45),(255,'Torchic',45),(256,'Combusken',45),(257,'Blaziken',45),(258,'Mudkip',45),(259,'Marshtomp',45),(260,'Swampert',45),(261,'Poochyena',255),(262,'Mightyena',127),(263,'Zigzagoon',255),(264,'Linoone',90),(265,'Wurmple',255),(266,'Silcoon',120),(267,'Beautifly',45),(268,'Cascoon',120),(269,'Dustox',45),(270,'Lotad',255),(271,'Lombre',120),(272,'Ludicolo',45),(273,'Seedot',255),(274,'Nuzleaf',120),(275,'Shiftry',45),(276,'Taillow',200),(277,'Swellow',45),(278,'Wingull',190),(279,'Pelipper',45),(280,'Ralts',235),(281,'Kirlia',120),(282,'Gardevoir',45),(283,'Surskit',200),(284,'Masquerain',75),(285,'Shroomish',255),(286,'Breloom',90),(287,'Slakoth',255),(288,'Vigoroth',120),(289,'Slaking',45),(290,'Nincada',255),(291,'Ninjask',120),(292,'Shedinja',45),(293,'Whismur',190),(294,'Loudred',120),(295,'Exploud',45),(296,'Makuhita',180),(297,'Hariyama',200),(298,'Azurill',150),(299,'Nosepass',255),(300,'Skitty',255),(301,'Delcatty',60),(302,'Sableye',45),(303,'Mawile',45),(304,'Aron',180),(305,'Lairon',90),(306,'Aggron',45),(307,'Meditite',180),(308,'Medicham',90),(309,'Electrike',120),(310,'Manectric',45),(311,'Plusle',200),(312,'Minun',200),(313,'Volbeat',150),(314,'Illumise',150),(315,'Roselia',150),(316,'Gulpin',225),(317,'Swalot',75),(318,'Carvanha',225),(319,'Sharpedo',60),(320,'Wailmer',125),(321,'Wailord',60),(322,'Numel',255),(323,'Camerupt',150),(324,'Torkoal',90),(325,'Spoink',255),(326,'Grumpig',60),(327,'Spinda',255),(328,'Trapinch',255),(329,'Vibrava',120),(330,'Flygon',45),(331,'Cacnea',190),(332,'Cacturne',60),(333,'Swablu',255),(334,'Altaria',45),(335,'Zangoose',90),(336,'Seviper',90),(337,'Lunatone',45),(338,'Solrock',45),(339,'Barboach',190),(340,'Whiscash',75),(341,'Corphish',205),(342,'Crawdaunt',155),(343,'Baltoy',255),(344,'Claydol',90),(345,'Lileep',45),(346,'Cradily',45),(347,'Anorith',45),(348,'Armaldo',45),(349,'Feebas',255),(350,'Milotic',60),(351,'Castform',45),(352,'Kecleon',200),(353,'Shuppet',225),(354,'Banette',45),(355,'Duskull',190),(356,'Dusclops',90),(357,'Tropius',200),(358,'Chimecho',45),(359,'Absol',30),(360,'Wynaut',125),(361,'Snorunt',190),(362,'Glalie',75),(363,'Spheal',255),(364,'Sealeo',120),(365,'Walrein',45),(366,'Clamperl',255),(367,'Huntail',60),(368,'Gorebyss',60),(369,'Relicanth',25),(370,'Luvdisc',225),(371,'Bagon',45),(372,'Shelgon',45),(373,'Salamence',45),(374,'Beldum',3),(375,'Metang',3),(376,'Metagross',3),(377,'Regirock',3),(378,'Regice',3),(379,'Registeel',3),(380,'Latias',3),(381,'Latios',3),(382,'Kyogre',3),(383,'Groudon',3),(384,'Rayquaza',45),(385,'Jirachi',3),(386,'Deoxys',3),(387,'Turtwig',45),(388,'Grotle',45),(389,'Torterra',45),(390,'Chimchar',45),(391,'Monferno',45),(392,'Infernape',45),(393,'Piplup',45),(394,'Prinplup',45),(395,'Empoleon',45),(396,'Starly',255),(397,'Staravia',120),(398,'Staraptor',45),(399,'Bidoof',255),(400,'Bibarel',127),(401,'Kricketot',255),(402,'Kricketune',45),(403,'Shinx',235),(404,'Luxio',120),(405,'Luxray',45),(406,'Budew',255),(407,'Roserade',75),(408,'Cranidos',45),(409,'Rampardos',45),(410,'Shieldon',45),(411,'Bastiodon',45),(412,'Burmy',120),(413,'Wormadam',45),(414,'Mothim',45),(415,'Combee',120),(416,'Vespiquen',45),(417,'Pachirisu',200),(418,'Buizel',190),(419,'Floatzel',75),(420,'Cherubi',190),(421,'Cherrim',75),(422,'Shellos',190),(423,'Gastrodon',75),(424,'Ambipom',45),(425,'Drifloon',125),(426,'Drifblim',60),(427,'Buneary',190),(428,'Lopunny',60),(429,'Mismagius',45),(430,'Honchkrow',30),(431,'Glameow',190),(432,'Purugly',75),(433,'Chingling',120),(434,'Stunky',225),(435,'Skuntank',60),(436,'Bronzor',255),(437,'Bronzong',90),(438,'Bonsly',255),(439,'Mime Jr.',145),(440,'Happiny',130),(441,'Chatot',30),(442,'Spiritomb',100),(443,'Gible',45),(444,'Gabite',45),(445,'Garchomp',45),(446,'Munchlax',50),(447,'Riolu',75),(448,'Lucario',45),(449,'Hippopotas',140),(450,'Hippowdon',60),(451,'Skorupi',120),(452,'Drapion',45),(453,'Croagunk',140),(454,'Toxicroak',75),(455,'Carnivine',200),(456,'Finneon',190),(457,'Lumineon',75),(458,'Mantyke',25),(459,'Snover',120),(460,'Abomasnow',60),(461,'Weavile',45),(462,'Magnezone',30),(463,'Lickilicky',30),(464,'Rhyperior',30),(465,'Tangrowth',30),(466,'Electivire',30),(467,'Magmortar',30),(468,'Togekiss',30),(469,'Yanmega',30),(470,'Leafeon',45),(471,'Glaceon',45),(472,'Gliscor',30),(473,'Mamoswine',50),(474,'Porygon-Z',30),(475,'Gallade',45),(476,'Probopass',60),(477,'Dusknoir',45),(478,'Froslass',75),(479,'Rotom',45),(480,'Uxie',3),(481,'Mesprit',3),(482,'Azelf',3),(483,'Dialga',3),(484,'Palkia',3),(485,'Heatran',3),(486,'Regigigas',3),(487,'Giratina',3),(488,'Cresselia',3),(489,'Phione',30),(490,'Manaphy',3),(491,'Darkrai',3),(492,'Shaymin',45),(493,'Arceus',3),(494,'Victini',3),(495,'Snivy',45),(496,'Servine',45),(497,'Serperior',45),(498,'Tepig',45),(499,'Pignite',45),(500,'Emboar',45),(501,'Oshawott',45),(502,'Dewott',45),(503,'Samurott',45),(504,'Patrat',255),(505,'Watchog',255),(506,'Lillipup',255),(507,'Herdier',120),(508,'Stoutland',45),(509,'Purrloin',255),(510,'Liepard',90),(511,'Pansage',190),(512,'Simisage',75),(513,'Pansear',190),(514,'Simisear',75),(515,'Panpour',190),(516,'Simipour',75),(517,'Munna',190),(518,'Musharna',75),(519,'Pidove',255),(520,'Tranquill',120),(521,'Unfezant',45),(522,'Blitzle',190),(523,'Zebstrika',75),(524,'Roggenrola',255),(525,'Boldore',120),(526,'Gigalith',45),(527,'Woobat',190),(528,'Swoobat',45),(529,'Drilbur',120),(530,'Excadrill',60),(531,'Audino',255),(532,'Timburr',180),(533,'Gurdurr',90),(534,'Conkeldurr',45),(535,'Tympole',255),(536,'Palpitoad',120),(537,'Seismitoad',45),(538,'Throh',45),(539,'Sawk',45),(540,'Sewaddle',255),(541,'Swadloon',120),(542,'Leavanny',45),(543,'Venipede',255),(544,'Whirlipede',120),(545,'Scolipede',45),(546,'Cottonee',190),(547,'Whimsicott',75),(548,'Petilil',190),(549,'Lilligant',75),(550,'Basculin',25),(551,'Sandile',180),(552,'Krokorok',90),(553,'Krookodile',45),(554,'Darumaka',120),(555,'Darmanitan',60),(556,'Maractus',255),(557,'Dwebble',190),(558,'Crustle',75),(559,'Scraggy',180),(560,'Scrafty',90),(561,'Sigilyph',45),(562,'Yamask',190),(563,'Cofagrigus',90),(564,'Tirtouga',45),(565,'Carracosta',45),(566,'Archen',45),(567,'Archeops',45),(568,'Trubbish',190),(569,'Garbodor',60),(570,'Zorua',75),(571,'Zoroark',45),(572,'Minccino',255),(573,'Cinccino',60),(574,'Gothita',200),(575,'Gothorita',100),(576,'Gothitelle',50),(577,'Solosis',200),(578,'Duosion',100),(579,'Reuniclus',50),(580,'Ducklett',190),(581,'Swanna',45),(582,'Vanillite',255),(583,'Vanillish',120),(584,'Vanilluxe',45),(585,'Deerling',190),(586,'Sawsbuck',75),(587,'Emolga',200),(588,'Karrablast',200),(589,'Escavalier',75),(590,'Foongus',190),(591,'Amoonguss',75),(592,'Frillish',190),(593,'Jellicent',60),(594,'Alomomola',75),(595,'Joltik',190),(596,'Galvantula',75),(597,'Ferroseed',255),(598,'Ferrothorn',90),(599,'Klink',130),(600,'Klang',60),(601,'Klinklang',30),(602,'Tynamo',190),(603,'Eelektrik',60),(604,'Eelektross',30),(605,'Elgyem',255),(606,'Beheeyem',90),(607,'Litwick',190),(608,'Lampent',90),(609,'Chandelure',45),(610,'Axew',75),(611,'Fraxure',60),(612,'Haxorus',45),(613,'Cubchoo',120),(614,'Beartic',60),(615,'Cryogonal',25),(616,'Shelmet',200),(617,'Accelgor',75),(618,'Stunfisk',75),(619,'Mienfoo',180),(620,'Mienshao',45),(621,'Druddigon',45),(622,'Golett',190),(623,'Golurk',90),(624,'Pawniard',120),(625,'Bisharp',45),(626,'Bouffalant',45),(627,'Rufflet',190),(628,'Braviary',60),(629,'Vullaby',190),(630,'Mandibuzz',60),(631,'Heatmor',90),(632,'Durant',90),(633,'Deino',45),(634,'Zweilous',45),(635,'Hydreigon',45),(636,'Larvesta',45),(637,'Volcarona',15),(638,'Cobalion',3),(639,'Terrakion',3),(640,'Virizion',3),(641,'Tornadus',3),(642,'Thundurus',3),(643,'Reshiram',3),(644,'Zekrom',3),(645,'Landorus',3),(646,'Kyurem',3),(647,'Keldeo',3),(648,'Meloetta',3),(649,'Genesect',3),(650,'Chespin',45),(651,'Quilladin',45),(652,'Chesnaught',45),(653,'Fennekin',45),(654,'Braixen',45),(655,'Delphox',45),(656,'Froakie',45),(657,'Frogadier',45),(658,'Greninja',45),(659,'Bunnelby',255),(660,'Diggersby',127),(661,'Fletchling',255),(662,'Fletchinder',120),(663,'Talonflame',45),(664,'Scatterbug',255),(665,'Spewpa',120),(666,'Vivillon',45),(667,'Litleo',220),(668,'Pyroar',65),(669,'Flabébé',225),(670,'Floette',120),(671,'Florges',45),(672,'Skiddo',200),(673,'Gogoat',45),(674,'Pancham',220),(675,'Pangoro',65),(676,'Furfrou',160),(677,'Espurr',190),(678,'Meowstic',75),(679,'Honedge',180),(680,'Doublade',90),(681,'Aegislash',45),(682,'Spritzee',200),(683,'Aromatisse',140),(684,'Swirlix',200),(685,'Slurpuff',140),(686,'Inkay',190),(687,'Malamar',80),(688,'Binacle',120),(689,'Barbaracle',45),(690,'Skrelp',225),(691,'Dragalge',55),(692,'Clauncher',225),(693,'Clawitzer',55),(694,'Helioptile',190),(695,'Heliolisk',75),(696,'Tyrunt',45),(697,'Tyrantrum',45),(698,'Amaura',45),(699,'Aurorus',45),(700,'Sylveon',45),(701,'Hawlucha',100),(702,'Dedenne',180),(703,'Carbink',60),(704,'Goomy',45),(705,'Sliggoo',45),(706,'Goodra',45),(707,'Klefki',75),(708,'Phantump',120),(709,'Trevenant',60),(710,'Pumpkaboo',120),(711,'Gourgeist',60),(712,'Bergmite',190),(713,'Avalugg',55),(714,'Noibat',190),(715,'Noivern',45),(716,'Xerneas',45),(717,'Yveltal',45),(718,'Zygarde',3),(719,'Diancie',3),(720,'Hoopa',3),(721,'Volcanion',3),(722,'Rowlet',45),(723,'Dartrix',45),(724,'Decidueye',45),(725,'Litten',45),(726,'Torracat',45),(727,'Incineroar',45),(728,'Popplio',45),(729,'Brionne',45),(730,'Primarina',45),(731,'Pikipek',255),(732,'Trumbeak',120),(733,'Toucannon',45),(734,'Yungoos',255),(735,'Gumshoos',127),(736,'Grubbin',255),(737,'Charjabug',120),(738,'Vikavolt',45),(739,'Crabrawler',225),(740,'Crabominable',60),(741,'Oricorio',45),(742,'Cutiefly',190),(743,'Ribombee',75),(744,'Rockruff',190),(745,'Lycanroc',90),(746,'Wishiwashi',60),(747,'Mareanie',190),(748,'Toxapex',75),(749,'Mudbray',190),(750,'Mudsdale',60),(751,'Dewpider',200),(752,'Araquanid',100),(753,'Fomantis',190),(754,'Lurantis',75),(755,'Morelull',190),(756,'Shiinotic',75),(757,'Salandit',120),(758,'Salazzle',45),(759,'Stufful',140),(760,'Bewear',70),(761,'Bounsweet',235),(762,'Steenee',120),(763,'Tsareena',45),(764,'Comfey',60),(765,'Oranguru',45),(766,'Passimian',45),(767,'Wimpod',90),(768,'Golisopod',45),(769,'Sandygast',140),(770,'Palossand',60),(771,'Pyukumuku',60),(772,'Type: Null',3),(773,'Silvally',3),(774,'Minior',255),(775,'Komala',45),(776,'Turtonator',70),(777,'Togedemaru',180),(778,'Mimikyu',45),(779,'Bruxish',80),(780,'Drampa',70),(781,'Dhelmise',25),(782,'Jangmo-o',45),(783,'Hakamo-o',45),(784,'Kommo-o',45),(785,'Tapu Koko',3),(786,'Tapu Lele',3),(787,'Tapu Bulu',3),(788,'Tapu Fini',3),(789,'Cosmog',45),(790,'Cosmoem',45),(791,'Solgaleo',45),(792,'Lunala',45),(793,'Nihilego',45),(794,'Buzzwole',25),(795,'Pheromosa',255),(796,'Xurkitree',30),(797,'Celesteela',25),(798,'Kartana',255),(799,'Guzzlord',15),(800,'Necrozma',3),(801,'Magearna',3);
/*!40000 ALTER TABLE `pokemon_base` ENABLE KEYS */;
UNLOCK TABLES;

--
-- Table structure for table `pokemon_habilidad`
--

DROP TABLE IF EXISTS `pokemon_habilidad`;
/*!40101 SET @saved_cs_client     = @@character_set_client */;
/*!50503 SET character_set_client = utf8mb4 */;
CREATE TABLE `pokemon_habilidad` (
  `No_Pokedex` int(11) NOT NULL,
  `id_habilidad` int(11) NOT NULL,
  PRIMARY KEY (`No_Pokedex`,`id_habilidad`),
  KEY `id_habilidad` (`id_habilidad`),
  CONSTRAINT `pokemon_habilidad_ibfk_1` FOREIGN KEY (`No_Pokedex`) REFERENCES `pokemon_base` (`No_Pokedex`) ON DELETE CASCADE,
  CONSTRAINT `pokemon_habilidad_ibfk_2` FOREIGN KEY (`id_habilidad`) REFERENCES `habilidades` (`id_habilidad`)
) ENGINE=InnoDB DEFAULT CHARSET=latin1;
/*!40101 SET character_set_client = @saved_cs_client */;

--
-- Dumping data for table `pokemon_habilidad`
--

LOCK TABLES `pokemon_habilidad` WRITE;
/*!40000 ALTER TABLE `pokemon_habilidad` DISABLE KEYS */;
INSERT INTO `pokemon_habilidad` VALUES (474,1),(425,2),(426,2),(413,5),(453,5),(454,5),(347,8),(348,8),(451,8),(452,8),(772,8),(519,10),(520,10),(521,10),(629,10),(630,10),(661,10),(4,11),(5,11),(6,11),(155,11),(156,11),(157,11),(255,11),(256,11),(257,11),(390,11),(391,11),(392,11),(498,11),(499,11),(500,11),(653,11),(654,11),(655,11),(725,11),(726,11),(727,11),(782,12),(783,12),(784,12),(702,13),(43,14),(44,14),(45,14),(69,14),(70,14),(71,14),(102,14),(103,14),(114,14),(182,14),(187,14),(188,14),(189,14),(191,14),(192,14),(273,14),(274,14),(275,14),(357,14),(420,14),(465,14),(548,14),(549,14),(585,14),(586,14),(72,15),(73,15),(374,15),(375,15),(376,15),(377,15),(378,15),(379,15),(703,15),(719,15),(12,18),(48,18),(290,18),(595,18),(596,18),(686,19),(687,19),(94,20),(35,21),(36,21),(39,21),(40,21),(173,21),(174,21),(300,21),(301,21),(428,21),(572,21),(573,21),(700,21),(54,22),(55,22),(194,22),(195,22),(624,23),(625,23),(649,24),(382,25),(383,26),(694,27),(695,27),(115,28),(228,28),(229,28),(46,29),(47,29),(285,29),(286,29),(590,29),(591,29),(126,31),(240,31),(467,31),(636,31),(637,31),(662,31),(663,31),(37,33),(38,33),(136,33),(485,33),(607,33),(608,33),(609,33),(517,34),(518,34),(574,36),(575,36),(576,36),(714,36),(715,36),(676,37),(511,40),(512,40),(513,40),(514,40),(515,40),(516,40),(631,40),(66,43),(67,43),(68,43),(217,43),(236,43),(246,43),(276,43),(277,43),(532,43),(533,43),(534,43),(538,43),(531,45),(594,45),(682,45),(683,45),(415,48),(742,48),(743,48),(175,50),(176,50),(222,50),(223,50),(468,50),(554,50),(633,50),(634,50),(489,51),(490,51),(616,51),(617,51),(582,52),(583,52),(584,52),(120,53),(121,53),(313,53),(505,53),(755,53),(756,53),(143,54),(335,54),(41,57),(42,57),(149,57),(169,57),(203,57),(215,57),(361,57),(362,57),(619,57),(620,57),(765,57),(96,58),(97,58),(163,58),(164,58),(198,58),(353,58),(354,58),(430,58),(23,59),(24,59),(58,59),(59,59),(128,59),(130,59),(209,59),(210,59),(234,59),(237,59),(262,59),(284,59),(373,59),(397,59),(398,59),(507,59),(508,59),(551,59),(552,59),(553,59),(622,60),(623,60),(674,60),(675,60),(638,61),(639,61),(640,61),(647,61),(16,62),(17,62),(18,62),(21,62),(22,62),(83,62),(107,62),(227,62),(278,62),(279,62),(302,62),(396,62),(441,62),(580,62),(581,62),(627,62),(628,62),(677,62),(678,62),(731,62),(732,62),(733,62),(744,62),(745,62),(470,64),(541,64),(753,64),(754,64),(761,64),(762,64),(763,64),(92,65),(93,65),(109,65),(110,65),(200,65),(201,65),(329,65),(330,65),(337,65),(338,65),(343,65),(344,65),(355,65),(358,65),(380,65),(381,65),(429,65),(433,65),(436,65),(437,65),(455,65),(479,65),(480,65),(481,65),(482,65),(488,65),(602,65),(603,65),(604,65),(615,65),(635,65),(738,65),(111,67),(112,67),(464,67),(522,67),(523,67),(53,68),(106,68),(132,68),(431,68),(509,68),(510,68),(701,68),(316,69),(317,69),(720,74),(81,75),(82,75),(462,75),(350,76),(312,77),(408,78),(409,78),(466,80),(113,83),(242,83),(251,83),(315,83),(333,83),(334,83),(406,83),(407,83),(440,83),(492,83),(708,83),(709,83),(679,84),(680,84),(79,86),(80,86),(124,86),(199,86),(220,86),(221,86),(238,86),(314,86),(322,86),(339,86),(340,86),(473,86),(577,87),(578,87),(579,87),(1,88),(2,88),(3,88),(152,88),(153,88),(154,88),(252,88),(253,88),(254,88),(387,88),(388,88),(389,88),(495,88),(496,88),(497,88),(650,88),(651,88),(652,88),(722,88),(723,88),(724,88),(108,89),(235,89),(327,89),(463,89),(712,89),(713,89),(749,89),(750,89),(52,91),(216,91),(231,91),(263,91),(264,91),(446,91),(659,91),(660,91),(710,91),(711,91),(311,93),(599,93),(600,93),(601,93),(29,95),(30,95),(31,95),(32,95),(33,95),(34,95),(117,95),(211,95),(543,95),(544,95),(545,95),(690,95),(691,95),(546,99),(547,99),(641,99),(642,99),(707,99),(144,100),(145,100),(146,100),(150,100),(243,100),(244,100),(245,100),(249,100),(250,100),(356,100),(359,100),(386,100),(416,100),(442,100),(461,100),(477,100),(483,100),(484,100),(487,100),(646,100),(550,106),(626,106),(403,108),(404,108),(405,108),(610,108),(611,108),(612,108),(667,108),(668,108),(74,109),(75,109),(76,109),(95,109),(104,109),(105,109),(142,109),(208,109),(371,109),(372,109),(318,110),(319,110),(621,110),(19,111),(20,111),(77,111),(78,111),(84,111),(85,111),(133,111),(161,111),(162,111),(190,111),(261,111),(417,111),(427,111),(504,111),(645,112),(529,113),(530,113),(248,114),(449,114),(450,114),(27,115),(28,115),(50,115),(51,115),(331,115),(332,115),(443,115),(444,115),(445,115),(672,116),(673,116),(704,116),(705,116),(706,116),(206,118),(385,118),(648,118),(202,119),(360,119),(11,120),(14,120),(147,120),(148,120),(247,120),(266,120),(268,120),(336,120),(401,120),(412,120),(559,120),(560,120),(665,120),(555,121),(90,122),(91,122),(366,122),(776,122),(10,123),(13,123),(49,123),(265,123),(269,123),(664,123),(666,123),(399,124),(400,124),(471,128),(478,128),(613,128),(614,128),(459,129),(460,129),(564,131),(565,131),(100,132),(101,132),(122,132),(293,132),(294,132),(295,132),(439,132),(193,133),(291,133),(469,133),(25,136),(26,136),(125,136),(172,136),(179,136),(180,136),(181,136),(239,136),(309,136),(310,136),(587,136),(618,136),(447,137),(448,137),(475,137),(88,138),(89,138),(434,138),(435,138),(568,138),(569,138),(422,139),(423,139),(696,141),(697,141),(185,142),(204,142),(205,142),(213,142),(232,142),(299,142),(304,142),(305,142),(306,142),(410,142),(411,142),(438,142),(476,142),(524,142),(525,142),(526,142),(539,142),(557,142),(558,142),(790,142),(224,143),(345,143),(346,143),(15,146),(123,146),(165,146),(166,146),(167,146),(168,146),(212,146),(214,146),(267,146),(402,146),(414,146),(540,146),(542,146),(588,146),(589,146),(632,146),(736,146),(684,147),(685,147),(116,148),(118,148),(119,148),(129,148),(138,148),(139,148),(140,148),(141,148),(226,148),(230,148),(270,148),(271,148),(272,148),(283,148),(349,148),(367,148),(368,148),(369,148),(370,148),(418,148),(419,148),(456,148),(457,148),(458,148),(535,148),(536,148),(537,148),(63,150),(64,150),(65,150),(151,150),(177,150),(178,150),(196,150),(197,150),(280,150),(281,150),(282,150),(424,153),(605,154),(606,154),(644,155),(86,156),(87,156),(183,156),(184,156),(241,156),(296,156),(297,156),(298,156),(325,156),(326,156),(363,156),(364,156),(365,156),(432,156),(7,158),(8,158),(9,158),(158,158),(159,158),(160,158),(258,158),(259,158),(260,158),(393,158),(394,158),(395,158),(501,158),(502,158),(503,158),(656,158),(657,158),(658,158),(728,158),(729,158),(730,158),(137,160),(233,160),(287,162),(289,162),(643,163),(527,164),(528,164),(789,164),(56,167),(57,167),(225,167),(288,167),(506,167),(135,168),(170,168),(171,168),(60,169),(61,169),(62,169),(131,169),(134,169),(186,169),(556,169),(592,169),(593,169),(721,169),(320,170),(321,170),(324,172),(561,173),(384,175),(718,176),(491,177),(737,178),(793,179),(794,179),(795,179),(796,179),(797,179),(798,179),(799,179),(780,180),(352,181),(775,182),(757,183),(758,183),(741,184),(717,185),(779,186),(566,187),(567,187),(778,188),(785,189),(768,190),(716,191),(421,192),(669,193),(670,193),(671,193),(764,193),(759,194),(760,194),(351,195),(791,196),(787,197),(98,198),(99,198),(127,198),(207,198),(303,198),(328,198),(341,198),(342,198),(472,198),(739,198),(740,198),(570,199),(571,199),(771,200),(597,201),(598,201),(777,201),(218,202),(219,202),(323,202),(692,203),(693,203),(747,204),(748,204),(788,205),(493,206),(562,207),(563,207),(800,208),(786,209),(307,210),(308,210),(773,211),(766,212),(698,213),(699,213),(746,214),(792,215),(774,216),(486,217),(801,218),(734,219),(735,219),(681,220),(781,221),(688,222),(689,222),(494,223),(751,224),(752,224),(769,225),(770,225),(767,226),(292,227);
/*!40000 ALTER TABLE `pokemon_habilidad` ENABLE KEYS */;
UNLOCK TABLES;

--
-- Table structure for table `pokemon_tipo`
--

DROP TABLE IF EXISTS `pokemon_tipo`;
/*!40101 SET @saved_cs_client     = @@character_set_client */;
/*!50503 SET character_set_client = utf8mb4 */;
CREATE TABLE `pokemon_tipo` (
  `No_Pokedex` int(11) NOT NULL,
  `id_tipo` int(11) NOT NULL,
  PRIMARY KEY (`No_Pokedex`,`id_tipo`),
  KEY `id_tipo` (`id_tipo`),
  CONSTRAINT `pokemon_tipo_ibfk_1` FOREIGN KEY (`No_Pokedex`) REFERENCES `pokemon_base` (`No_Pokedex`) ON DELETE CASCADE,
  CONSTRAINT `pokemon_tipo_ibfk_2` FOREIGN KEY (`id_tipo`) REFERENCES `tipos` (`id_tipo`)
) ENGINE=InnoDB DEFAULT CHARSET=latin1;
/*!40101 SET character_set_client = @saved_cs_client */;

--
-- Dumping data for table `pokemon_tipo`
--

LOCK TABLES `pokemon_tipo` WRITE;
/*!40000 ALTER TABLE `pokemon_tipo` DISABLE KEYS */;
INSERT INTO `pokemon_tipo` VALUES (1,1),(2,1),(3,1),(43,1),(44,1),(45,1),(69,1),(70,1),(71,1),(102,1),(103,1),(114,1),(152,1),(153,1),(154,1),(182,1),(187,1),(188,1),(189,1),(191,1),(192,1),(252,1),(253,1),(254,1),(273,1),(274,1),(275,1),(285,1),(286,1),(315,1),(331,1),(332,1),(357,1),(387,1),(388,1),(389,1),(406,1),(407,1),(420,1),(421,1),(455,1),(459,1),(460,1),(465,1),(470,1),(492,1),(495,1),(496,1),(497,1),(511,1),(512,1),(546,1),(547,1),(548,1),(549,1),(556,1),(590,1),(591,1),(597,1),(598,1),(640,1),(650,1),(651,1),(652,1),(672,1),(673,1),(722,1),(723,1),(724,1),(753,1),(754,1),(755,1),(756,1),(761,1),(762,1),(763,1),(787,1),(798,1),(4,2),(5,2),(6,2),(37,2),(38,2),(58,2),(59,2),(77,2),(78,2),(126,2),(136,2),(146,2),(155,2),(156,2),(157,2),(218,2),(219,2),(240,2),(244,2),(250,2),(255,2),(256,2),(257,2),(322,2),(323,2),(324,2),(390,2),(391,2),(392,2),(467,2),(485,2),(498,2),(499,2),(500,2),(513,2),(514,2),(554,2),(555,2),(631,2),(653,2),(654,2),(655,2),(662,2),(663,2),(667,2),(668,2),(721,2),(725,2),(726,2),(727,2),(741,2),(776,2),(7,3),(8,3),(9,3),(54,3),(55,3),(60,3),(61,3),(62,3),(72,3),(73,3),(79,3),(80,3),(86,3),(87,3),(90,3),(91,3),(98,3),(99,3),(116,3),(117,3),(118,3),(119,3),(120,3),(121,3),(129,3),(130,3),(131,3),(134,3),(158,3),(159,3),(160,3),(170,3),(171,3),(183,3),(184,3),(186,3),(194,3),(195,3),(199,3),(211,3),(222,3),(223,3),(224,3),(226,3),(230,3),(245,3),(258,3),(259,3),(260,3),(270,3),(271,3),(272,3),(278,3),(279,3),(318,3),(319,3),(320,3),(321,3),(339,3),(340,3),(341,3),(342,3),(349,3),(350,3),(366,3),(367,3),(368,3),(369,3),(370,3),(382,3),(393,3),(394,3),(395,3),(418,3),(419,3),(422,3),(423,3),(456,3),(457,3),(458,3),(484,3),(489,3),(490,3),(501,3),(502,3),(503,3),(515,3),(516,3),(535,3),(536,3),(537,3),(550,3),(564,3),(565,3),(580,3),(581,3),(592,3),(593,3),(594,3),(647,3),(656,3),(657,3),(658,3),(692,3),(693,3),(728,3),(729,3),(730,3),(746,3),(751,3),(752,3),(771,3),(779,3),(788,3),(10,4),(11,4),(12,4),(13,4),(14,4),(15,4),(46,4),(47,4),(48,4),(49,4),(123,4),(127,4),(165,4),(166,4),(167,4),(168,4),(193,4),(204,4),(205,4),(212,4),(213,4),(214,4),(265,4),(266,4),(267,4),(268,4),(269,4),(283,4),(284,4),(290,4),(291,4),(292,4),(313,4),(314,4),(401,4),(402,4),(412,4),(413,4),(414,4),(415,4),(416,4),(469,4),(540,4),(541,4),(542,4),(543,4),(544,4),(545,4),(557,4),(558,4),(588,4),(589,4),(595,4),(596,4),(616,4),(617,4),(632,4),(636,4),(637,4),(649,4),(664,4),(665,4),(666,4),(736,4),(737,4),(738,4),(742,4),(743,4),(767,4),(768,4),(794,4),(795,4),(16,5),(17,5),(18,5),(19,5),(20,5),(21,5),(22,5),(39,5),(40,5),(52,5),(53,5),(83,5),(84,5),(85,5),(108,5),(113,5),(115,5),(128,5),(132,5),(133,5),(137,5),(143,5),(161,5),(162,5),(163,5),(164,5),(174,5),(190,5),(203,5),(206,5),(216,5),(217,5),(233,5),(234,5),(235,5),(241,5),(242,5),(263,5),(264,5),(276,5),(277,5),(287,5),(288,5),(289,5),(293,5),(294,5),(295,5),(298,5),(300,5),(301,5),(327,5),(333,5),(335,5),(351,5),(352,5),(396,5),(397,5),(398,5),(399,5),(400,5),(424,5),(427,5),(428,5),(431,5),(432,5),(440,5),(441,5),(446,5),(463,5),(474,5),(486,5),(493,5),(504,5),(505,5),(506,5),(507,5),(508,5),(519,5),(520,5),(521,5),(531,5),(572,5),(573,5),(585,5),(586,5),(626,5),(627,5),(628,5),(648,5),(659,5),(660,5),(661,5),(676,5),(731,5),(732,5),(733,5),(734,5),(735,5),(759,5),(760,5),(765,5),(772,5),(773,5),(775,5),(780,5),(23,6),(24,6),(29,6),(30,6),(31,6),(32,6),(33,6),(34,6),(41,6),(42,6),(88,6),(89,6),(109,6),(110,6),(169,6),(316,6),(317,6),(336,6),(434,6),(435,6),(451,6),(452,6),(453,6),(454,6),(568,6),(569,6),(690,6),(691,6),(747,6),(748,6),(757,6),(758,6),(25,7),(26,7),(81,7),(82,7),(100,7),(101,7),(125,7),(135,7),(145,7),(172,7),(179,7),(180,7),(181,7),(239,7),(243,7),(309,7),(310,7),(311,7),(312,7),(403,7),(404,7),(405,7),(417,7),(462,7),(466,7),(479,7),(522,7),(523,7),(587,7),(602,7),(603,7),(604,7),(642,7),(694,7),(695,7),(702,7),(777,7),(785,7),(796,7),(27,8),(28,8),(50,8),(51,8),(104,8),(105,8),(111,8),(112,8),(207,8),(231,8),(232,8),(328,8),(329,8),(330,8),(343,8),(344,8),(383,8),(449,8),(450,8),(464,8),(472,8),(529,8),(530,8),(551,8),(552,8),(553,8),(618,8),(622,8),(623,8),(645,8),(749,8),(750,8),(35,9),(36,9),(173,9),(175,9),(176,9),(209,9),(210,9),(468,9),(669,9),(670,9),(671,9),(682,9),(683,9),(684,9),(685,9),(700,9),(716,9),(764,9),(56,10),(57,10),(66,10),(67,10),(68,10),(106,10),(107,10),(236,10),(237,10),(296,10),(297,10),(307,10),(308,10),(447,10),(448,10),(532,10),(533,10),(534,10),(538,10),(539,10),(619,10),(620,10),(674,10),(675,10),(701,10),(739,10),(740,10),(766,10),(63,11),(64,11),(65,11),(96,11),(97,11),(122,11),(150,11),(151,11),(177,11),(178,11),(196,11),(201,11),(202,11),(249,11),(251,11),(280,11),(281,11),(282,11),(325,11),(326,11),(358,11),(360,11),(386,11),(433,11),(439,11),(475,11),(480,11),(481,11),(482,11),(488,11),(494,11),(517,11),(518,11),(527,11),(528,11),(561,11),(574,11),(575,11),(576,11),(577,11),(578,11),(579,11),(605,11),(606,11),(677,11),(678,11),(720,11),(786,11),(789,11),(790,11),(791,11),(792,11),(800,11),(74,12),(75,12),(76,12),(95,12),(138,12),(139,12),(140,12),(141,12),(142,12),(185,12),(246,12),(247,12),(248,12),(299,12),(337,12),(338,12),(345,12),(346,12),(347,12),(348,12),(377,12),(408,12),(409,12),(410,12),(411,12),(438,12),(476,12),(524,12),(525,12),(526,12),(566,12),(567,12),(639,12),(688,12),(689,12),(696,12),(697,12),(698,12),(699,12),(703,12),(719,12),(744,12),(745,12),(774,12),(793,12),(92,13),(93,13),(94,13),(200,13),(353,13),(354,13),(355,13),(356,13),(425,13),(426,13),(429,13),(442,13),(477,13),(487,13),(562,13),(563,13),(607,13),(608,13),(609,13),(708,13),(709,13),(710,13),(711,13),(769,13),(770,13),(778,13),(781,13),(124,14),(144,14),(220,14),(221,14),(225,14),(238,14),(361,14),(362,14),(363,14),(364,14),(365,14),(378,14),(471,14),(473,14),(478,14),(582,14),(583,14),(584,14),(613,14),(614,14),(615,14),(712,14),(713,14),(147,15),(148,15),(149,15),(334,15),(371,15),(372,15),(373,15),(380,15),(381,15),(384,15),(443,15),(444,15),(445,15),(610,15),(611,15),(612,15),(621,15),(643,15),(644,15),(646,15),(704,15),(705,15),(706,15),(718,15),(782,15),(783,15),(784,15),(197,16),(198,16),(215,16),(228,16),(229,16),(261,16),(262,16),(302,16),(359,16),(430,16),(461,16),(491,16),(509,16),(510,16),(559,16),(560,16),(570,16),(571,16),(624,16),(625,16),(629,16),(630,16),(633,16),(634,16),(635,16),(686,16),(687,16),(717,16),(799,16),(208,17),(227,17),(303,17),(304,17),(305,17),(306,17),(374,17),(375,17),(376,17),(379,17),(385,17),(436,17),(437,17),(483,17),(599,17),(600,17),(601,17),(638,17),(679,17),(680,17),(681,17),(707,17),(797,17),(801,17),(641,18),(714,18),(715,18);
/*!40000 ALTER TABLE `pokemon_tipo` ENABLE KEYS */;
UNLOCK TABLES;

--
-- Table structure for table `tipo_efectividad`
--

DROP TABLE IF EXISTS `tipo_efectividad`;
/*!40101 SET @saved_cs_client     = @@character_set_client */;
/*!50503 SET character_set_client = utf8mb4 */;
CREATE TABLE `tipo_efectividad` (
  `id_tipo_ataque` int(11) NOT NULL,
  `id_tipo_defensa` int(11) NOT NULL,
  `multiplicador` decimal(3,1) DEFAULT NULL,
  PRIMARY KEY (`id_tipo_ataque`,`id_tipo_defensa`),
  KEY `id_tipo_defensa` (`id_tipo_defensa`),
  CONSTRAINT `tipo_efectividad_ibfk_1` FOREIGN KEY (`id_tipo_ataque`) REFERENCES `tipos` (`id_tipo`),
  CONSTRAINT `tipo_efectividad_ibfk_2` FOREIGN KEY (`id_tipo_defensa`) REFERENCES `tipos` (`id_tipo`)
) ENGINE=InnoDB DEFAULT CHARSET=latin1;
/*!40101 SET character_set_client = @saved_cs_client */;

--
-- Dumping data for table `tipo_efectividad`
--

LOCK TABLES `tipo_efectividad` WRITE;
/*!40000 ALTER TABLE `tipo_efectividad` DISABLE KEYS */;
INSERT INTO `tipo_efectividad` VALUES (1,1,0.5),(1,2,0.5),(1,3,2.0),(1,4,0.5),(1,5,1.0),(1,6,0.5),(1,7,1.0),(1,8,2.0),(1,9,1.0),(1,10,1.0),(1,11,1.0),(1,12,2.0),(1,13,1.0),(1,14,1.0),(1,15,0.5),(1,16,1.0),(1,17,0.5),(1,18,0.5),(1,19,1.0),(2,1,2.0),(2,2,0.5),(2,3,0.5),(2,4,2.0),(2,5,1.0),(2,6,1.0),(2,7,1.0),(2,8,1.0),(2,9,1.0),(2,10,1.0),(2,11,1.0),(2,12,0.5),(2,13,1.0),(2,14,2.0),(2,15,0.5),(2,16,1.0),(2,17,2.0),(2,18,1.0),(2,19,1.0),(3,1,0.5),(3,2,2.0),(3,3,0.5),(3,4,1.0),(3,5,1.0),(3,6,1.0),(3,7,1.0),(3,8,2.0),(3,9,1.0),(3,10,1.0),(3,11,1.0),(3,12,2.0),(3,13,1.0),(3,14,1.0),(3,15,0.5),(3,16,1.0),(3,17,1.0),(3,18,1.0),(3,19,1.0),(4,1,2.0),(4,2,0.5),(4,3,1.0),(4,4,1.0),(4,5,1.0),(4,6,0.5),(4,7,1.0),(4,8,1.0),(4,9,0.5),(4,10,0.5),(4,11,2.0),(4,12,1.0),(4,13,0.5),(4,14,1.0),(4,15,1.0),(4,16,2.0),(4,17,0.5),(4,18,0.5),(4,19,1.0),(5,1,1.0),(5,2,1.0),(5,3,1.0),(5,4,1.0),(5,5,1.0),(5,6,1.0),(5,7,1.0),(5,8,1.0),(5,9,1.0),(5,10,1.0),(5,11,1.0),(5,12,0.5),(5,13,0.0),(5,14,1.0),(5,15,1.0),(5,16,1.0),(5,17,0.5),(5,18,1.0),(5,19,1.0),(6,1,2.0),(6,2,1.0),(6,3,1.0),(6,4,1.0),(6,5,1.0),(6,6,0.5),(6,7,1.0),(6,8,0.5),(6,9,2.0),(6,10,1.0),(6,11,1.0),(6,12,0.5),(6,13,0.5),(6,14,1.0),(6,15,1.0),(6,16,1.0),(6,17,0.0),(6,18,1.0),(6,19,1.0),(7,1,0.5),(7,2,1.0),(7,3,2.0),(7,4,1.0),(7,5,1.0),(7,6,1.0),(7,7,0.5),(7,8,0.0),(7,9,1.0),(7,10,1.0),(7,11,1.0),(7,12,1.0),(7,13,1.0),(7,14,1.0),(7,15,0.5),(7,16,1.0),(7,17,1.0),(7,18,2.0),(7,19,1.0),(8,1,0.5),(8,2,2.0),(8,3,1.0),(8,4,0.5),(8,5,1.0),(8,6,2.0),(8,7,2.0),(8,8,1.0),(8,9,1.0),(8,10,1.0),(8,11,1.0),(8,12,2.0),(8,13,1.0),(8,14,1.0),(8,15,1.0),(8,16,1.0),(8,17,2.0),(8,18,0.0),(8,19,1.0),(9,1,1.0),(9,2,0.5),(9,3,1.0),(9,4,1.0),(9,5,1.0),(9,6,0.5),(9,7,1.0),(9,8,1.0),(9,9,1.0),(9,10,2.0),(9,11,1.0),(9,12,1.0),(9,13,1.0),(9,14,1.0),(9,15,2.0),(9,16,2.0),(9,17,0.5),(9,18,1.0),(9,19,1.0),(10,1,1.0),(10,2,1.0),(10,3,1.0),(10,4,0.5),(10,5,2.0),(10,6,0.5),(10,7,1.0),(10,8,1.0),(10,9,0.5),(10,10,1.0),(10,11,0.5),(10,12,2.0),(10,13,0.0),(10,14,2.0),(10,15,1.0),(10,16,2.0),(10,17,2.0),(10,18,0.5),(10,19,1.0),(11,1,1.0),(11,2,1.0),(11,3,1.0),(11,4,1.0),(11,5,1.0),(11,6,2.0),(11,7,1.0),(11,8,1.0),(11,9,1.0),(11,10,2.0),(11,11,0.5),(11,12,1.0),(11,13,1.0),(11,14,1.0),(11,15,1.0),(11,16,0.0),(11,17,0.5),(11,18,1.0),(11,19,1.0),(12,1,1.0),(12,2,2.0),(12,3,1.0),(12,4,2.0),(12,5,1.0),(12,6,1.0),(12,7,1.0),(12,8,0.5),(12,9,1.0),(12,10,0.5),(12,11,1.0),(12,12,1.0),(12,13,1.0),(12,14,2.0),(12,15,1.0),(12,16,1.0),(12,17,0.5),(12,18,2.0),(12,19,1.0),(13,1,1.0),(13,2,1.0),(13,3,1.0),(13,4,1.0),(13,5,0.0),(13,6,1.0),(13,7,1.0),(13,8,1.0),(13,9,1.0),(13,10,1.0),(13,11,2.0),(13,12,1.0),(13,13,2.0),(13,14,1.0),(13,15,1.0),(13,16,0.5),(13,17,1.0),(13,18,1.0),(13,19,1.0),(14,1,2.0),(14,2,0.5),(14,3,0.5),(14,4,1.0),(14,5,1.0),(14,6,1.0),(14,7,1.0),(14,8,2.0),(14,9,1.0),(14,10,1.0),(14,11,1.0),(14,12,1.0),(14,13,1.0),(14,14,0.5),(14,15,2.0),(14,16,1.0),(14,17,0.5),(14,18,2.0),(14,19,1.0),(15,1,1.0),(15,2,1.0),(15,3,1.0),(15,4,1.0),(15,5,1.0),(15,6,1.0),(15,7,1.0),(15,8,1.0),(15,9,0.0),(15,10,1.0),(15,11,1.0),(15,12,1.0),(15,13,1.0),(15,14,1.0),(15,15,2.0),(15,16,1.0),(15,17,0.5),(15,18,1.0),(15,19,1.0),(16,1,1.0),(16,2,1.0),(16,3,1.0),(16,4,1.0),(16,5,1.0),(16,6,1.0),(16,7,1.0),(16,8,1.0),(16,9,0.5),(16,10,0.5),(16,11,2.0),(16,12,1.0),(16,13,2.0),(16,14,1.0),(16,15,1.0),(16,16,0.5),(16,17,1.0),(16,18,1.0),(16,19,1.0),(17,1,1.0),(17,2,0.5),(17,3,0.5),(17,4,1.0),(17,5,1.0),(17,6,1.0),(17,7,0.5),(17,8,1.0),(17,9,2.0),(17,10,1.0),(17,11,1.0),(17,12,2.0),(17,13,1.0),(17,14,2.0),(17,15,1.0),(17,16,1.0),(17,17,0.5),(17,18,1.0),(17,19,1.0),(18,1,2.0),(18,2,1.0),(18,3,1.0),(18,4,2.0),(18,5,1.0),(18,6,1.0),(18,7,0.5),(18,8,1.0),(18,9,1.0),(18,10,2.0),(18,11,1.0),(18,12,0.5),(18,13,1.0),(18,14,1.0),(18,15,1.0),(18,16,1.0),(18,17,0.5),(18,18,1.0),(18,19,1.0),(19,1,1.0),(19,2,1.0),(19,3,1.0),(19,4,1.0),(19,5,1.0),(19,6,1.0),(19,7,1.0),(19,8,1.0),(19,9,1.0),(19,10,1.0),(19,11,1.0),(19,12,1.0),(19,13,1.0),(19,14,1.0),(19,15,1.0),(19,16,1.0),(19,17,1.0),(19,18,1.0),(19,19,1.0);
/*!40000 ALTER TABLE `tipo_efectividad` ENABLE KEYS */;
UNLOCK TABLES;

--
-- Table structure for table `tipos`
--

DROP TABLE IF EXISTS `tipos`;
/*!40101 SET @saved_cs_client     = @@character_set_client */;
/*!50503 SET character_set_client = utf8mb4 */;
CREATE TABLE `tipos` (
  `id_tipo` int(11) NOT NULL,
  `nombre_tipo` varchar(20) NOT NULL,
  PRIMARY KEY (`id_tipo`)
) ENGINE=InnoDB DEFAULT CHARSET=latin1;
/*!40101 SET character_set_client = @saved_cs_client */;

--
-- Dumping data for table `tipos`
--

LOCK TABLES `tipos` WRITE;
/*!40000 ALTER TABLE `tipos` DISABLE KEYS */;
INSERT INTO `tipos` VALUES (1,'Grass'),(2,'Fire'),(3,'Water'),(4,'Bug'),(5,'Normal'),(6,'Poison'),(7,'Electric'),(8,'Ground'),(9,'Fairy'),(10,'Fighting'),(11,'Psychic'),(12,'Rock'),(13,'Ghost'),(14,'Ice'),(15,'Dragon'),(16,'Dark'),(17,'Steel'),(18,'Flying'),(19,'No aplica');
/*!40000 ALTER TABLE `tipos` ENABLE KEYS */;
UNLOCK TABLES;

--
-- Dumping events for database 'pokemon_db'
--

--
-- Dumping routines for database 'pokemon_db'
--
/*!40103 SET TIME_ZONE=@OLD_TIME_ZONE */;

/*!40101 SET SQL_MODE=@OLD_SQL_MODE */;
/*!40014 SET FOREIGN_KEY_CHECKS=@OLD_FOREIGN_KEY_CHECKS */;
/*!40014 SET UNIQUE_CHECKS=@OLD_UNIQUE_CHECKS */;
/*!40101 SET CHARACTER_SET_CLIENT=@OLD_CHARACTER_SET_CLIENT */;
/*!40101 SET CHARACTER_SET_RESULTS=@OLD_CHARACTER_SET_RESULTS */;
/*!40101 SET COLLATION_CONNECTION=@OLD_COLLATION_CONNECTION */;
/*!40111 SET SQL_NOTES=@OLD_SQL_NOTES */;

-- Dump completed on 2026-03-24 14:01:10
